{"cameraMode":{"drawMode":0,"name":"Shaded","section":"Shading Mode"},"sceneLighting":true,"audioPlay":false,"sceneViewState":{"showFog":true,"showMaterialUpdate":false,"showSkybox":true,"showFlares":true,"showImageEffects":true,"showParticleSystems":true},"in2DMode":false,"pivot":{"x":-1499.083740234375,"y":-837.2446899414063,"z":655.894775390625},"rotation":{"x":-0.20077663660049439,"y":0.5364205241203308,"z":-0.13315364718437196,"w":-0.8088387846946716},"size":1958.862060546875,"orthographic":false}