{"cameraMode":{"drawMode":0,"name":"Shaded","section":"Shading Mode"},"sceneLighting":true,"audioPlay":false,"sceneViewState":{"showFog":true,"showMaterialUpdate":false,"showSkybox":true,"showFlares":true,"showImageEffects":true,"showParticleSystems":true},"in2DMode":false,"pivot":{"x":-185.3831329345703,"y":-61.61933898925781,"z":2.8978922367095949},"rotation":{"x":-0.11878753453493118,"y":0.6950372457504273,"z":-0.11811880022287369,"w":-0.6992059350013733},"size":203.72879028320313,"orthographic":false}