{"cameraMode":{"drawMode":0,"name":"Shaded","section":"Shading Mode"},"sceneLighting":true,"audioPlay":false,"sceneViewState":{"showFog":true,"showMaterialUpdate":false,"showSkybox":true,"showFlares":true,"showImageEffects":true,"showParticleSystems":true},"in2DMode":false,"pivot":{"x":103.325439453125,"y":221.77130126953126,"z":16.91839599609375},"rotation":{"x":0.12526974081993104,"y":0.7765039205551148,"z":-0.16332417726516725,"w":0.5955910086631775},"size":2221.902587890625,"orthographic":false}