{"cameraMode":{"drawMode":0,"name":"Shaded","section":"Shading Mode"},"sceneLighting":true,"audioPlay":false,"sceneViewState":{"showFog":true,"showMaterialUpdate":false,"showSkybox":true,"showFlares":true,"showImageEffects":true,"showParticleSystems":true},"in2DMode":false,"pivot":{"x":482.04522705078127,"y":4.257767200469971,"z":31.26140594482422},"rotation":{"x":0.07058845460414887,"y":0.06876980513334274,"z":-0.00481257913634181,"w":0.9951611757278442},"size":45.622154235839847,"orthographic":false}