{"cameraMode":{"drawMode":0,"name":"Shaded","section":"Shading Mode"},"sceneLighting":true,"audioPlay":false,"sceneViewState":{"showFog":false,"showMaterialUpdate":false,"showSkybox":false,"showFlares":false,"showImageEffects":false,"showParticleSystems":false},"in2DMode":false,"pivot":{"x":-262.56298828125,"y":-445.7933654785156,"z":-1151.04150390625},"rotation":{"x":-0.04663468524813652,"y":0.9464293122291565,"z":-0.15935416519641877,"w":-0.27697163820266726},"size":1477.388916015625,"orthographic":false}