{"cameraMode":{"drawMode":0,"name":"Shaded","section":"Shading Mode"},"sceneLighting":true,"audioPlay":false,"sceneViewState":{"showFog":true,"showMaterialUpdate":false,"showSkybox":true,"showFlares":true,"showImageEffects":true,"showParticleSystems":true},"in2DMode":false,"pivot":{"x":307.9394226074219,"y":-101.61444091796875,"z":-233.073486328125},"rotation":{"x":-0.06539969146251679,"y":0.9269358515739441,"z":-0.19206185638904572,"w":-0.3156345784664154},"size":302.45068359375,"orthographic":false}