{"cameraMode":{"drawMode":0,"name":"Shaded","section":"Shading Mode"},"sceneLighting":true,"audioPlay":false,"sceneViewState":{"showFog":true,"showMaterialUpdate":false,"showSkybox":true,"showFlares":true,"showImageEffects":true,"showParticleSystems":true},"in2DMode":false,"pivot":{"x":636.6017456054688,"y":314.2505187988281,"z":16.71844482421875},"rotation":{"x":0.08569911122322083,"y":0.01195020042359829,"z":-0.0010347915813326836,"w":0.9962659478187561},"size":570.2501831054688,"orthographic":false}