{"cameraMode":{"drawMode":0,"name":"Shaded","section":"Shading Mode"},"sceneLighting":true,"audioPlay":false,"sceneViewState":{"showFog":true,"showMaterialUpdate":false,"showSkybox":true,"showFlares":true,"showImageEffects":true,"showParticleSystems":true},"in2DMode":false,"pivot":{"x":503.3741455078125,"y":39.98414993286133,"z":22.408775329589845},"rotation":{"x":-0.0015353950439020992,"y":0.993419349193573,"z":-0.11374302208423615,"w":-0.013412018306553364},"size":28.23735809326172,"orthographic":false}