{"cameraMode":{"drawMode":0,"name":"Shaded","section":"Shading Mode"},"sceneLighting":true,"audioPlay":false,"sceneViewState":{"showFog":true,"showMaterialUpdate":false,"showSkybox":true,"showFlares":true,"showImageEffects":true,"showParticleSystems":true},"in2DMode":false,"pivot":{"x":512.8887329101563,"y":34.050193786621097,"z":29.090354919433595},"rotation":{"x":0.019224228337407113,"y":-0.5147940516471863,"z":-0.011691763997077942,"w":-0.8570771813392639},"size":108.36846923828125,"orthographic":false}