{"cameraMode":{"drawMode":0,"name":"Shaded","section":"Shading Mode"},"sceneLighting":true,"audioPlay":false,"sceneViewState":{"showFog":true,"showMaterialUpdate":false,"showSkybox":true,"showFlares":true,"showImageEffects":true,"showParticleSystems":true},"in2DMode":false,"pivot":{"x":763.3519287109375,"y":-45.57414627075195,"z":179.7478790283203},"rotation":{"x":-0.0923469215631485,"y":-0.5321457982063294,"z":0.058440130203962329,"w":-0.8396165370941162},"size":445.86773681640627,"orthographic":false}