{"cameraMode":{"drawMode":0,"name":"Shaded","section":"Shading Mode"},"sceneLighting":true,"audioPlay":false,"sceneViewState":{"showFog":true,"showMaterialUpdate":false,"showSkybox":true,"showFlares":true,"showImageEffects":true,"showParticleSystems":true},"in2DMode":false,"pivot":{"x":652.6759643554688,"y":252.89205932617188,"z":-81.37725830078125},"rotation":{"x":-0.03898989036679268,"y":-0.0012026026379317046,"z":-0.000047055105824256316,"w":0.9992466568946838},"size":554.8074951171875,"orthographic":false}