{"cameraMode":{"drawMode":0,"name":"Shaded","section":"Shading Mode"},"sceneLighting":true,"audioPlay":false,"sceneViewState":{"showFog":true,"showMaterialUpdate":false,"showSkybox":true,"showFlares":true,"showImageEffects":true,"showParticleSystems":true},"in2DMode":false,"pivot":{"x":560.0720825195313,"y":26.3359375,"z":-29.817150115966798},"rotation":{"x":-0.10131626576185227,"y":-0.8870146870613098,"z":0.23260045051574708,"w":-0.385922372341156},"size":23.13315773010254,"orthographic":false}